{"+pwNVG9GkpSjreo89+/gNg==":"2024020512512220.png","OAzD9oFHyu/BcRDLxeQhkg==":"image-1707091965569.jpg","IzB3oVRaA3T1yIp6NcNInQ==":"7925bc7cba84498ba123a3bb73738271.jpg","zD9yrOptYaW3MHQpMzbWZQ==":"a3c1c68b19ff417a9826b68d8e41a355.jpg","IyheKnUmFFfGM8SPRvRAow==":"3ae80e4fbdd14eb58a66e7b859c7c717.jpg","pEvfQBalWAynGb6AeteYOQ==":"3194a1bb3a6a433d8970be6ebb25b3a2.jpeg","Cv9CSH9Yy6I8NwtrxSHfuw==":"85d7c3d5085248b889d593a48a5361f8.jpeg","u34VXyFVO7eg3GgBhJyjww==":"5e1bbd73a942494c9f2bf05ca8ca9ea3.jpeg","rTp9f10uT5LI5JzzmtegKA==":"img-20230222-wa0004.jpg","uidDN32U5TEiu96FxIGMwQ==":"img-20240325-wa0025-750x430.jpeg","2VkyrAUZbRClwN9wF8veYQ==":"img-20240325-wa0026-640x427.jpeg","QYy26rXX2ouKv8dIHvX7rA==":"img-20240326-wa0024-1080x810.jpeg","C3FeqJ1yxDWC+ZqaYPTDcg==":"img-20240325-wa0026-640x427.jpg","Vkej4PvIsOhpcpBvMNibmQ==":"image-1707091965569-512x512.jpg"}